{"name":"Concurrent Agent Load","category":"mcp","p50_latency":2.4e-2,"p90_latency":2.7625e-2,"p99_latency":3.2170330000000004e-2,"p99_9_latency":3.550016700000002e-2,"mean_latency":2.3212585999999986e-2,"throughput_qps":2.0707041947290225e4,"operations_per_second":2.0707041947290225e4,"memory_used_mb":7.5e1,"cpu_utilization":9.5e1,"speedup_factor":5e0,"accuracy_score":9.9e-1,"dataset_size":500,"iterations":500,"duration_seconds":2.4146375e-2,"passed_targets":true}