{"name":"Concurrent Agent Load","category":"mcp","p50_latency":1.775e-2,"p90_latency":2.6541e-2,"p99_latency":5.442582999999995e-2,"p99_9_latency":1.2363533300000032e-1,"mean_latency":2.059035399999999e-2,"throughput_qps":2.1838471743747374e4,"operations_per_second":2.1838471743747374e4,"memory_used_mb":7.5e1,"cpu_utilization":9.5e1,"speedup_factor":5e0,"accuracy_score":9.9e-1,"dataset_size":500,"iterations":500,"duration_seconds":2.2895375e-2,"passed_targets":true}