{"name":"Concurrent Agent Load","category":"mcp","p50_latency":2.500435e-1,"p90_latency":2.626923e-1,"p99_latency":5.97217209999995e-1,"p99_9_latency":1.2517258170000027e0,"mean_latency":2.631669839999998e-1,"throughput_qps":1.3886547848364119e3,"operations_per_second":1.3886547848364119e3,"memory_used_mb":7.5e1,"cpu_utilization":9.5e1,"speedup_factor":5e0,"accuracy_score":9.9e-1,"dataset_size":500,"iterations":500,"duration_seconds":3.6006069e-1,"passed_targets":true}