{"name":"Concurrent Agent Load","category":"mcp","p50_latency":1.5667e-2,"p90_latency":2.3054500000000002e-2,"p99_latency":4.429332999999996e-2,"p99_9_latency":9.78125830000007e-2,"mean_latency":1.812882e-2,"throughput_qps":2.5333451556107262e4,"operations_per_second":2.5333451556107262e4,"memory_used_mb":7.5e1,"cpu_utilization":9.5e1,"speedup_factor":5e0,"accuracy_score":9.9e-1,"dataset_size":500,"iterations":500,"duration_seconds":1.973675e-2,"passed_targets":true}