{"name":"Concurrent Agent Load","category":"mcp","p50_latency":2.50328e-1,"p90_latency":2.715666e-1,"p99_latency":5.855457699999999e-1,"p99_9_latency":2.149534344000066e0,"mean_latency":2.6671057799999986e-1,"throughput_qps":1.368760546453996e3,"operations_per_second":1.368760546453996e3,"memory_used_mb":7.5e1,"cpu_utilization":9.5e1,"speedup_factor":5e0,"accuracy_score":9.9e-1,"dataset_size":500,"iterations":500,"duration_seconds":3.65293989e-1,"passed_targets":true}