{"name":"Concurrent Agent Load","category":"mcp","p50_latency":2.476235e-1,"p90_latency":2.613404e-1,"p99_latency":2.9116837e-1,"p99_9_latency":4.6638466700000547e-1,"mean_latency":2.4938457799999994e-1,"throughput_qps":1.4613285185403365e3,"operations_per_second":1.4613285185403365e3,"memory_used_mb":7.5e1,"cpu_utilization":9.5e1,"speedup_factor":5e0,"accuracy_score":9.9e-1,"dataset_size":500,"iterations":500,"duration_seconds":3.42154412e-1,"passed_targets":true}