{"name":"Concurrent Agent Load","category":"mcp","p50_latency":2.54443e-1,"p90_latency":2.476624100000001e0,"p99_latency":5.56544435e0,"p99_9_latency":8.228151666000015e0,"mean_latency":9.258024020000001e-1,"throughput_qps":6.578757813633417e2,"operations_per_second":6.578757813633417e2,"memory_used_mb":7.5e1,"cpu_utilization":9.5e1,"speedup_factor":5e0,"accuracy_score":9.9e-1,"dataset_size":500,"iterations":500,"duration_seconds":7.60021898e-1,"passed_targets":true}