{"name":"Concurrent Agent Load","category":"mcp","p50_latency":1.9979e-2,"p90_latency":2.9546100000000002e-2,"p99_latency":5.350541999999999e-2,"p99_9_latency":9.553162600000034e-2,"mean_latency":2.2292835999999986e-2,"throughput_qps":1.646727540694754e4,"operations_per_second":1.646727540694754e4,"memory_used_mb":7.5e1,"cpu_utilization":9.5e1,"speedup_factor":5e0,"accuracy_score":9.9e-1,"dataset_size":500,"iterations":500,"duration_seconds":3.036325e-2,"passed_targets":true}