{"name":"Concurrent Agent Load","category":"mcp","p50_latency":2.483745e-1,"p90_latency":2.6344999999999996e-1,"p99_latency":3.1028628999999985e-1,"p99_9_latency":5.62223327000007e-1,"mean_latency":2.5186289599999995e-1,"throughput_qps":1.4542949519755596e3,"operations_per_second":1.4542949519755596e3,"memory_used_mb":7.5e1,"cpu_utilization":9.5e1,"speedup_factor":5e0,"accuracy_score":9.9e-1,"dataset_size":500,"iterations":500,"duration_seconds":3.43809211e-1,"passed_targets":true}