{"name":"Database Scaling Analysis","category":"database","p50_latency":7.375e-3,"p90_latency":9.224699999999999e-3,"p99_latency":5.528481999999993e-2,"p99_9_latency":9.272917600000061e-2,"mean_latency":9.680254999999999e-3,"throughput_qps":1.0330306381391814e5,"operations_per_second":1.0330306381391814e5,"memory_used_mb":5.950927734375e-1,"cpu_utilization":6.5e1,"speedup_factor":1e1,"accuracy_score":9.5e-1,"dataset_size":5000,"iterations":200,"duration_seconds":1.9360509999999998e-3,"passed_targets":true}