{"name":"Database Scaling Analysis","category":"database","p50_latency":5.125e-3,"p90_latency":6.7952e-3,"p99_latency":3.1947919999999935e-2,"p99_9_latency":3.970126700000001e-2,"mean_latency":6.563975000000004e-3,"throughput_qps":1.523467106440837e5,"operations_per_second":1.523467106440837e5,"memory_used_mb":5.950927734375e-1,"cpu_utilization":6.5e1,"speedup_factor":1e1,"accuracy_score":9.5e-1,"dataset_size":5000,"iterations":200,"duration_seconds":1.3127950000000007e-3,"passed_targets":true}