{"name":"Database Scaling Analysis","category":"database","p50_latency":1.09833e-1,"p90_latency":1.423516e-1,"p99_latency":5.884919299999998e-1,"p99_9_latency":6.311086670000003e-1,"mean_latency":1.3082146500000003e-1,"throughput_qps":7.6440055154557385e3,"operations_per_second":7.6440055154557385e3,"memory_used_mb":5.950927734375e-1,"cpu_utilization":6.5e1,"speedup_factor":1e1,"accuracy_score":9.5e-1,"dataset_size":5000,"iterations":200,"duration_seconds":2.6164293000000005e-2,"passed_targets":true}