{"name":"Database Scaling Analysis","category":"database","p50_latency":1.105665e-1,"p90_latency":1.3976409999999997e-1,"p99_latency":5.856083199999996e-1,"p99_9_latency":6.282722980000002e-1,"mean_latency":1.3707374000000003e-1,"throughput_qps":7.295343367737685e3,"operations_per_second":7.295343367737685e3,"memory_used_mb":5.950927734375e-1,"cpu_utilization":6.5e1,"speedup_factor":1e1,"accuracy_score":9.5e-1,"dataset_size":5000,"iterations":200,"duration_seconds":2.7414748000000006e-2,"passed_targets":true}