{"name":"Database Scaling Analysis","category":"database","p50_latency":6.0415e-3,"p90_latency":8.208e-3,"p99_latency":4.0910499999999926e-2,"p99_9_latency":5.182064200000006e-2,"mean_latency":7.681889999999997e-3,"throughput_qps":1.3017629776005649e5,"operations_per_second":1.3017629776005649e5,"memory_used_mb":5.950927734375e-1,"cpu_utilization":6.5e1,"speedup_factor":1e1,"accuracy_score":9.5e-1,"dataset_size":5000,"iterations":200,"duration_seconds":1.5363779999999993e-3,"passed_targets":true}