{"name":"Database Scaling Analysis","category":"database","p50_latency":5.333e-3,"p90_latency":6.800300000000002e-3,"p99_latency":3.793600999999998e-2,"p99_9_latency":5.680187500000051e-2,"mean_latency":6.727643333333332e-3,"throughput_qps":1.4864046003231447e5,"operations_per_second":1.4864046003231447e5,"memory_used_mb":5.950927734375e-1,"cpu_utilization":6.5e1,"speedup_factor":1e1,"accuracy_score":9.5e-1,"dataset_size":10000,"iterations":300,"duration_seconds":2.0182929999999996e-3,"passed_targets":true}