{"name":"Database Scaling Analysis","category":"database","p50_latency":1.0963149999999999e-1,"p90_latency":1.5040040000000002e-1,"p99_latency":6.030402299999996e-1,"p99_9_latency":6.88580987000001e-1,"mean_latency":1.3793038333333318e-1,"throughput_qps":7.250034226203251e3,"operations_per_second":7.250034226203251e3,"memory_used_mb":5.950927734375e-1,"cpu_utilization":6.5e1,"speedup_factor":1e1,"accuracy_score":9.5e-1,"dataset_size":10000,"iterations":300,"duration_seconds":4.137911499999996e-2,"passed_targets":true}