{"name":"Database Scaling Analysis","category":"database","p50_latency":5.4585e-3,"p90_latency":6.8792e-3,"p99_latency":3.2982249999999935e-2,"p99_9_latency":4.196480800000005e-2,"mean_latency":6.866379999999991e-3,"throughput_qps":1.4563714795860427e5,"operations_per_second":1.4563714795860427e5,"memory_used_mb":5.950927734375e-1,"cpu_utilization":6.5e1,"speedup_factor":1e1,"accuracy_score":9.5e-1,"dataset_size":10000,"iterations":300,"duration_seconds":2.0599139999999973e-3,"passed_targets":true}