{"name":"Database Scaling Analysis","category":"database","p50_latency":5.5e-3,"p90_latency":7.167e-3,"p99_latency":3.785507999999998e-2,"p99_9_latency":4.034617400000001e-2,"mean_latency":7.092100000000001e-3,"throughput_qps":1.4100195992724295e5,"operations_per_second":1.4100195992724295e5,"memory_used_mb":5.950927734375e-1,"cpu_utilization":6.5e1,"speedup_factor":1e1,"accuracy_score":9.5e-1,"dataset_size":10000,"iterations":300,"duration_seconds":2.12763e-3,"passed_targets":true}