{"name":"FRE Multi-Target Traversal","category":"fre","p50_latency":2.1143642e1,"p90_latency":3.4221070600000004e1,"p99_latency":3.70448899e1,"p99_9_latency":3.70448899e1,"mean_latency":2.077036606e1,"throughput_qps":4.8145516410797434e1,"operations_per_second":4.8145516410797434e1,"memory_used_mb":1.5e2,"cpu_utilization":8.5e1,"speedup_factor":1.5e1,"accuracy_score":9.8e-1,"dataset_size":1000,"iterations":50,"duration_seconds":1.038518303e0,"passed_targets":false}