{"name":"FRE vs Dijkstra Comparison","category":"fre","p50_latency":5.691758500000001e0,"p90_latency":1.14293472e1,"p99_latency":1.6010098170000013e1,"p99_9_latency":1.6010098170000013e1,"mean_latency":6.23818565e0,"throughput_qps":1.603030201577922e2,"operations_per_second":1.603030201577922e2,"memory_used_mb":4.291534423828125e2,"cpu_utilization":8e1,"speedup_factor":9.954850624778155e1,"accuracy_score":9.5e-1,"dataset_size":5000,"iterations":100,"duration_seconds":6.23818565e-1,"passed_targets":false}