{"name":"FRE Multi-Target Traversal","category":"fre","p50_latency":4.3208732999999995e1,"p90_latency":6.277239920000001e1,"p99_latency":8.063588705999999e1,"p99_9_latency":8.063588705999999e1,"mean_latency":4.2168330379999986e1,"throughput_qps":2.3714479349514153e1,"operations_per_second":2.3714479349514153e1,"memory_used_mb":1.5e2,"cpu_utilization":8.5e1,"speedup_factor":1.5e1,"accuracy_score":9.8e-1,"dataset_size":5000,"iterations":50,"duration_seconds":2.1084165189999995e0,"passed_targets":false}