{"name":"FRE Scaling Analysis","category":"fre","p50_latency":6.355204999999999e-1,"p90_latency":1.9538959999999999e0,"p99_latency":2.3690415e0,"p99_9_latency":2.3690415e0,"mean_latency":9.318700384615385e-1,"throughput_qps":1.073111011972163e3,"operations_per_second":1.073111011972163e3,"memory_used_mb":2e2,"cpu_utilization":7.5e1,"speedup_factor":1.1171265593765054e0,"accuracy_score":9.5e-1,"dataset_size":5000,"iterations":26,"duration_seconds":2.4228621e-2,"passed_targets":false}