{"name":"FRE vs Dijkstra Comparison","category":"fre","p50_latency":5.7328575e0,"p90_latency":8.7437601e0,"p99_latency":9.787044530000001e0,"p99_9_latency":9.787044530000001e0,"mean_latency":5.824580510000003e0,"throughput_qps":1.7168618380038487e2,"operations_per_second":1.7168618380038487e2,"memory_used_mb":4.291534423828125e2,"cpu_utilization":8e1,"speedup_factor":1.0828220217613573e2,"accuracy_score":9.5e-1,"dataset_size":5000,"iterations":100,"duration_seconds":5.824580510000003e-1,"passed_targets":false}