{"name":"FRE Multi-Target Traversal","category":"fre","p50_latency":1.07719585e1,"p90_latency":1.4323833300000002e1,"p99_latency":1.776715075e1,"p99_9_latency":1.776715075e1,"mean_latency":1.105352e1,"throughput_qps":9.04689184983607e1,"operations_per_second":9.04689184983607e1,"memory_used_mb":1.5e2,"cpu_utilization":8.5e1,"speedup_factor":1.5e1,"accuracy_score":9.8e-1,"dataset_size":5000,"iterations":50,"duration_seconds":5.526760000000001e-1,"passed_targets":false}