{"name":"FRE Scaling Analysis","category":"fre","p50_latency":2.657431e0,"p90_latency":4.113310700000001e0,"p99_latency":4.70295851e0,"p99_9_latency":4.70295851e0,"mean_latency":2.676881357142857e0,"throughput_qps":3.735690404550989e2,"operations_per_second":3.735690404550989e2,"memory_used_mb":2e2,"cpu_utilization":7.5e1,"speedup_factor":1.0759873490399214e0,"accuracy_score":9.5e-1,"dataset_size":1000,"iterations":14,"duration_seconds":3.7476339e-2,"passed_targets":false}