{"name":"FRE vs Dijkstra Comparison","category":"fre","p50_latency":1.194625e0,"p90_latency":1.924833e0,"p99_latency":2.564434000000001e0,"p99_9_latency":2.564434000000001e0,"mean_latency":1.1956585853658532e0,"throughput_qps":8.363591515499513e2,"operations_per_second":8.363591515499513e2,"memory_used_mb":4.291534423828125e2,"cpu_utilization":8e1,"speedup_factor":1.412387209042801e2,"accuracy_score":9.5e-1,"dataset_size":5000,"iterations":41,"duration_seconds":4.902200199999998e-2,"passed_targets":true}