{"name":"FRE Scaling Analysis","category":"fre","p50_latency":4.4043735e0,"p90_latency":6.771656899999999e0,"p99_latency":8.315502019999995e0,"p99_9_latency":8.315502019999995e0,"mean_latency":4.4526848e0,"throughput_qps":2.2458360403143737e2,"operations_per_second":2.2458360403143737e2,"memory_used_mb":2e2,"cpu_utilization":7.5e1,"speedup_factor":1.1171265593765054e0,"accuracy_score":9.5e-1,"dataset_size":5000,"iterations":60,"duration_seconds":2.67161088e-1,"passed_targets":false}