{"name":"FRE vs Dijkstra Comparison","category":"fre","p50_latency":8.140419999999999e-1,"p90_latency":1.4802667e0,"p99_latency":1.56891713e0,"p99_9_latency":1.56891713e0,"mean_latency":8.873822999999998e-1,"throughput_qps":1.1269100138688818e3,"operations_per_second":1.1269100138688818e3,"memory_used_mb":4.291534423828125e2,"cpu_utilization":8e1,"speedup_factor":1.2106122718722496e2,"accuracy_score":9.5e-1,"dataset_size":5000,"iterations":40,"duration_seconds":3.549529199999999e-2,"passed_targets":true}