{"name":"FRE Multi-Target Traversal","category":"fre","p50_latency":1.50584585e1,"p90_latency":2.21861872e1,"p99_latency":2.340032e1,"p99_9_latency":2.340032e1,"mean_latency":1.457285492e1,"throughput_qps":6.862073392548398e1,"operations_per_second":6.862073392548398e1,"memory_used_mb":1.5e2,"cpu_utilization":8.5e1,"speedup_factor":1.5e1,"accuracy_score":9.8e-1,"dataset_size":5000,"iterations":50,"duration_seconds":7.28642746e-1,"passed_targets":false}