{"name":"FRE vs Dijkstra Comparison","category":"fre","p50_latency":2.778291e0,"p90_latency":4.0810712e0,"p99_latency":4.6910919e0,"p99_9_latency":4.6910919e0,"mean_latency":2.734102914285714e0,"throughput_qps":3.657506799670892e2,"operations_per_second":3.657506799670892e2,"memory_used_mb":1.71661376953125e1,"cpu_utilization":8e1,"speedup_factor":1.2200173141577181e1,"accuracy_score":9.5e-1,"dataset_size":1000,"iterations":35,"duration_seconds":9.569360199999999e-2,"passed_targets":true}