{"name":"FRE Multi-Target Traversal","category":"fre","p50_latency":4.6229096999999996e1,"p90_latency":6.96745703e1,"p99_latency":8.231863423999997e1,"p99_9_latency":8.231863423999997e1,"mean_latency":4.368247964000001e1,"throughput_qps":2.2892473326635532e1,"operations_per_second":2.2892473326635532e1,"memory_used_mb":1.5e2,"cpu_utilization":8.5e1,"speedup_factor":1.5e1,"accuracy_score":9.8e-1,"dataset_size":5000,"iterations":50,"duration_seconds":2.1841239820000005e0,"passed_targets":false}