{"name":"FRE Multi-Target Traversal","category":"fre","p50_latency":1.0323792000000001e1,"p90_latency":1.28822416e1,"p99_latency":1.4549137739999999e1,"p99_9_latency":1.4549137739999999e1,"mean_latency":9.929287460000001e0,"throughput_qps":1.0071216127325212e2,"operations_per_second":1.0071216127325212e2,"memory_used_mb":1.5e2,"cpu_utilization":8.5e1,"speedup_factor":1.5e1,"accuracy_score":9.8e-1,"dataset_size":5000,"iterations":50,"duration_seconds":4.9646437300000007e-1,"passed_targets":false}