{"name":"FRE Scaling Analysis","category":"fre","p50_latency":4.775732e0,"p90_latency":6.5375857e0,"p99_latency":8.45802364e0,"p99_9_latency":8.45802364e0,"mean_latency":4.683747966666667e0,"throughput_qps":2.135042293301876e2,"operations_per_second":2.135042293301876e2,"memory_used_mb":2e2,"cpu_utilization":7.5e1,"speedup_factor":1.1171265593765054e0,"accuracy_score":9.5e-1,"dataset_size":5000,"iterations":60,"duration_seconds":2.81024878e-1,"passed_targets":false}