{"name":"FRE vs Dijkstra Comparison","category":"fre","p50_latency":1.087459e0,"p90_latency":1.455e0,"p99_latency":1.6355454999999999e0,"p99_9_latency":1.6355454999999999e0,"mean_latency":9.565199999999997e-1,"throughput_qps":1.045456446284448e3,"operations_per_second":1.045456446284448e3,"memory_used_mb":4.291534423828125e2,"cpu_utilization":8e1,"speedup_factor":1.275944390864802e2,"accuracy_score":9.5e-1,"dataset_size":5000,"iterations":46,"duration_seconds":4.399991999999999e-2,"passed_targets":true}