{"name":"FRE Scaling Analysis","category":"fre","p50_latency":4.4375e-1,"p90_latency":1.408375e0,"p99_latency":1.553725e0,"p99_9_latency":1.553725e0,"mean_latency":6.747029032258065e-1,"throughput_qps":1.4821338328602455e3,"operations_per_second":1.4821338328602455e3,"memory_used_mb":2e2,"cpu_utilization":7.5e1,"speedup_factor":1.1171265593765054e0,"accuracy_score":9.5e-1,"dataset_size":5000,"iterations":31,"duration_seconds":2.091579e-2,"passed_targets":false}