{"name":"FRE Scaling Analysis","category":"fre","p50_latency":4.5968105e0,"p90_latency":6.7013585e0,"p99_latency":9.698154389999992e0,"p99_9_latency":9.698154389999992e0,"mean_latency":4.669326049999999e0,"throughput_qps":2.1416366929441568e2,"operations_per_second":2.1416366929441568e2,"memory_used_mb":2e2,"cpu_utilization":7.5e1,"speedup_factor":1.1171265593765054e0,"accuracy_score":9.5e-1,"dataset_size":5000,"iterations":60,"duration_seconds":2.8015956299999994e-1,"passed_targets":false}