{"name":"FRE vs Dijkstra Comparison","category":"fre","p50_latency":8.376045e-1,"p90_latency":1.7668789000000003e0,"p99_latency":1.9324087099999998e0,"p99_9_latency":1.9324087099999998e0,"mean_latency":9.912974545454545e-1,"throughput_qps":1.0087789446191365e3,"operations_per_second":1.0087789446191365e3,"memory_used_mb":4.291534423828125e2,"cpu_utilization":8e1,"speedup_factor":1.3536338669223707e2,"accuracy_score":9.5e-1,"dataset_size":5000,"iterations":22,"duration_seconds":2.1808544e-2,"passed_targets":true}