{"name":"FRE Multi-Target Traversal","category":"fre","p50_latency":4.20154335e1,"p90_latency":6.547905050000001e1,"p99_latency":8.04353303e1,"p99_9_latency":8.04353303e1,"mean_latency":4.037280847999999e1,"throughput_qps":2.4769146305374896e1,"operations_per_second":2.4769146305374896e1,"memory_used_mb":1.5e2,"cpu_utilization":8.5e1,"speedup_factor":1.5e1,"accuracy_score":9.8e-1,"dataset_size":5000,"iterations":50,"duration_seconds":2.0186404239999995e0,"passed_targets":false}