{"name":"FRE vs Dijkstra Comparison","category":"fre","p50_latency":5.6277740000000005e0,"p90_latency":8.003215e0,"p99_latency":9.453330330000002e0,"p99_9_latency":9.453330330000002e0,"mean_latency":5.673269969999998e0,"throughput_qps":1.7626518838129616e2,"operations_per_second":1.7626518838129616e2,"memory_used_mb":4.291534423828125e2,"cpu_utilization":8e1,"speedup_factor":1.1656705354230505e2,"accuracy_score":9.5e-1,"dataset_size":5000,"iterations":100,"duration_seconds":5.673269969999998e-1,"passed_targets":false}