{"name":"FRE vs Dijkstra Comparison","category":"fre","p50_latency":6.77209e-1,"p90_latency":1.5795667999999998e0,"p99_latency":3.4141374999999914e0,"p99_9_latency":3.4141374999999914e0,"mean_latency":8.938773142857143e-1,"throughput_qps":1.1187217574696892e3,"operations_per_second":1.1187217574696892e3,"memory_used_mb":4.291534423828125e2,"cpu_utilization":8e1,"speedup_factor":1.3336870581368692e2,"accuracy_score":9.5e-1,"dataset_size":5000,"iterations":35,"duration_seconds":3.1285705999999996e-2,"passed_targets":true}