{"name":"FRE Scaling Analysis","category":"fre","p50_latency":5.265e-1,"p90_latency":1.3193664000000003e0,"p99_latency":1.5431397799999997e0,"p99_9_latency":1.5431397799999997e0,"mean_latency":5.844737142857143e-1,"throughput_qps":1.7109409295199882e3,"operations_per_second":1.7109409295199882e3,"memory_used_mb":2e2,"cpu_utilization":7.5e1,"speedup_factor":1.1171265593765054e0,"accuracy_score":9.5e-1,"dataset_size":5000,"iterations":35,"duration_seconds":2.045658e-2,"passed_targets":false}