{"name":"FRE vs Dijkstra Comparison","category":"fre","p50_latency":5.797033e0,"p90_latency":8.405007300000001e0,"p99_latency":9.683954430000004e0,"p99_9_latency":9.683954430000004e0,"mean_latency":5.868659410000001e0,"throughput_qps":1.7039666645095014e2,"operations_per_second":1.7039666645095014e2,"memory_used_mb":4.291534423828125e2,"cpu_utilization":8e1,"speedup_factor":1.0254718308827533e2,"accuracy_score":9.5e-1,"dataset_size":5000,"iterations":100,"duration_seconds":5.868659410000001e-1,"passed_targets":false}