{"name":"FRE Scaling Analysis","category":"fre","p50_latency":6.09666e-1,"p90_latency":1.226459e0,"p99_latency":1.3918374999999998e0,"p99_9_latency":1.3918374999999998e0,"mean_latency":6.004932258064516e-1,"throughput_qps":1.6652977203148596e3,"operations_per_second":1.6652977203148596e3,"memory_used_mb":2e2,"cpu_utilization":7.5e1,"speedup_factor":1.1171265593765054e0,"accuracy_score":9.5e-1,"dataset_size":5000,"iterations":31,"duration_seconds":1.861529e-2,"passed_targets":false}