{"name":"FRE Scaling Analysis","category":"fre","p50_latency":6.706665e-1,"p90_latency":1.4098125000000001e0,"p99_latency":1.77005634e0,"p99_9_latency":1.77005634e0,"mean_latency":7.287127857142858e-1,"throughput_qps":1.3722827698429883e3,"operations_per_second":1.3722827698429883e3,"memory_used_mb":2e2,"cpu_utilization":7.5e1,"speedup_factor":1.1171265593765054e0,"accuracy_score":9.5e-1,"dataset_size":5000,"iterations":28,"duration_seconds":2.0403958000000003e-2,"passed_targets":false}