{"name":"FRE Multi-Target Traversal","category":"fre","p50_latency":1.1300875e1,"p90_latency":1.5887449700000001e1,"p99_latency":1.818464832e1,"p99_9_latency":1.818464832e1,"mean_latency":1.0650713439999999e1,"throughput_qps":9.389042392638066e1,"operations_per_second":9.389042392638066e1,"memory_used_mb":1.5e2,"cpu_utilization":8.5e1,"speedup_factor":1.5e1,"accuracy_score":9.8e-1,"dataset_size":5000,"iterations":50,"duration_seconds":5.32535672e-1,"passed_targets":false}