{"name":"FRE Multi-Target Traversal","category":"fre","p50_latency":4.0364406e1,"p90_latency":7.40599266e1,"p99_latency":1.0110341626999997e2,"p99_9_latency":1.0110341626999997e2,"mean_latency":4.552419339999999e1,"throughput_qps":2.1966341967082503e1,"operations_per_second":2.1966341967082503e1,"memory_used_mb":1.5e2,"cpu_utilization":8.5e1,"speedup_factor":1.5e1,"accuracy_score":9.8e-1,"dataset_size":5000,"iterations":50,"duration_seconds":2.276209669999999e0,"passed_targets":false}