{"name":"HNSW Build Performance","category":"hnsw","p50_latency":5.44840443e2,"p90_latency":5.44840443e2,"p99_latency":5.44840443e2,"p99_9_latency":5.44840443e2,"mean_latency":5.44840443e2,"throughput_qps":1.8353997263745707e0,"operations_per_second":1.835399726374571e0,"memory_used_mb":3.515625e1,"cpu_utilization":9.5e1,"speedup_factor":9.176998631872853e-3,"accuracy_score":1e0,"dataset_size":5000,"iterations":1,"duration_seconds":5.44840443e-1,"passed_targets":false}