{"name":"HNSW Query vs Linear Scan","category":"hnsw","p50_latency":5.88026045e1,"p90_latency":1.0542525870000003e2,"p99_latency":1.2277705059000009e2,"p99_9_latency":1.3861543005900018e2,"mean_latency":5.416263372e1,"throughput_qps":1.8462913106656067e1,"operations_per_second":1.8462913106656067e1,"memory_used_mb":2.9449462890625e1,"cpu_utilization":7.5e1,"speedup_factor":7.024093822075682e-1,"accuracy_score":9.5e-1,"dataset_size":5000,"iterations":100,"duration_seconds":5.416263372e0,"passed_targets":false}