{"name":"HNSW Scaling Analysis","category":"hnsw","p50_latency":4.747085e-1,"p90_latency":4.864545e-1,"p99_latency":5.1849608e-1,"p99_9_latency":5.382320080000007e-1,"mean_latency":4.466056266666668e-1,"throughput_qps":2.2391119598373766e3,"operations_per_second":2.2391119598373766e3,"memory_used_mb":5e2,"cpu_utilization":7e1,"speedup_factor":1.1259542650498429e0,"accuracy_score":9.5e-1,"dataset_size":10000,"iterations":150,"duration_seconds":6.699084400000002e-2,"passed_targets":false}