{"name":"HNSW Build Performance","category":"hnsw","p50_latency":5.70591642e2,"p90_latency":5.70591642e2,"p99_latency":5.70591642e2,"p99_9_latency":5.70591642e2,"mean_latency":5.70591642e2,"throughput_qps":1.7525668558601144e0,"operations_per_second":1.7525668558601144e0,"memory_used_mb":5.859375e1,"cpu_utilization":9.5e1,"speedup_factor":8.762834279300573e-3,"accuracy_score":1e0,"dataset_size":5000,"iterations":1,"duration_seconds":5.70591642e-1,"passed_targets":false}