{"name":"HNSW Query vs Linear Scan","category":"hnsw","p50_latency":2.1170899999999998e-1,"p90_latency":2.414846e-1,"p99_latency":2.9106084e-1,"p99_9_latency":2.91135684e-1,"mean_latency":2.19489e-1,"throughput_qps":4.556036976796104e3,"operations_per_second":4.556036976796104e3,"memory_used_mb":5.859375e1,"cpu_utilization":7.5e1,"speedup_factor":3.604639957811097e2,"accuracy_score":9.5e-1,"dataset_size":5000,"iterations":100,"duration_seconds":2.1948899999999997e-2,"passed_targets":true}