{"name":"HNSW Scaling Analysis","category":"hnsw","p50_latency":5.07643745e1,"p90_latency":6.656372470000001e1,"p99_latency":8.16225175e1,"p99_9_latency":8.214753925000001e1,"mean_latency":4.405799707e1,"throughput_qps":2.269735499803101e1,"operations_per_second":2.269735499803101e1,"memory_used_mb":5e2,"cpu_utilization":7e1,"speedup_factor":6.882111298180786e-3,"accuracy_score":9.5e-1,"dataset_size":5000,"iterations":100,"duration_seconds":4.405799707e0,"passed_targets":false}