{"name":"HNSW Scaling Analysis","category":"hnsw","p50_latency":2.1257500000000001e-1,"p90_latency":2.3214540000000003e-1,"p99_latency":2.4446914000000003e-1,"p99_9_latency":2.4768921400000005e-1,"mean_latency":2.1540564e-1,"throughput_qps":4.642403977908842e3,"operations_per_second":4.642403977908842e3,"memory_used_mb":5e2,"cpu_utilization":7e1,"speedup_factor":1.3960413848124258e0,"accuracy_score":9.5e-1,"dataset_size":5000,"iterations":100,"duration_seconds":2.1540563999999998e-2,"passed_targets":false}