{"name":"HNSW Memory Efficiency","category":"hnsw","p50_latency":3.3696873833e4,"p90_latency":5.74953411666e4,"p99_latency":6.284999631666e4,"p99_9_latency":6.284999631666e4,"mean_latency":3.3696873833e4,"throughput_qps":2.9676343418560115e-2,"operations_per_second":2.9676343418560115e-2,"memory_used_mb":2.79998779296875e0,"cpu_utilization":6e1,"speedup_factor":1e2,"accuracy_score":9.5e-1,"dataset_size":10000,"iterations":2,"duration_seconds":6.7393747666e1,"passed_targets":false}