{"name":"HNSW Build Performance","category":"hnsw","p50_latency":1.124278292e3,"p90_latency":1.124278292e3,"p99_latency":1.124278292e3,"p99_9_latency":1.124278292e3,"mean_latency":1.124278292e3,"throughput_qps":8.894594933618091e-1,"operations_per_second":8.89459493361809e-1,"memory_used_mb":2.74658203125e-1,"cpu_utilization":9.5e1,"speedup_factor":8.894594933618091e-4,"accuracy_score":1e0,"dataset_size":1000,"iterations":1,"duration_seconds":1.124278292e0,"passed_targets":false}