{"name":"HNSW Scaling Analysis","category":"hnsw","p50_latency":4.7339549999999997e-1,"p90_latency":5.002916e-1,"p99_latency":5.299489199999999e-1,"p99_9_latency":5.672551410000011e-1,"mean_latency":4.5167082000000014e-1,"throughput_qps":2.214001781208712e3,"operations_per_second":2.214001781208712e3,"memory_used_mb":5e2,"cpu_utilization":7e1,"speedup_factor":1.106308413822105e0,"accuracy_score":9.5e-1,"dataset_size":10000,"iterations":150,"duration_seconds":6.775062300000002e-2,"passed_targets":false}