{"name":"HNSW Scaling Analysis","category":"hnsw","p50_latency":3.6332495e0,"p90_latency":1.1307041700000003e1,"p99_latency":1.5013538420000003e1,"p99_9_latency":1.5310278842000002e1,"mean_latency":4.98885246e0,"throughput_qps":2.0044689796258274e2,"operations_per_second":2.0044689796258274e2,"memory_used_mb":5e2,"cpu_utilization":7e1,"speedup_factor":5.3079331922181186e-2,"accuracy_score":9.5e-1,"dataset_size":5000,"iterations":100,"duration_seconds":4.9888524600000006e-1,"passed_targets":false}