{"name":"HNSW Memory Efficiency","category":"hnsw","p50_latency":1.7460092085e3,"p90_latency":2.8919691752999997e3,"p99_latency":3.14981016783e3,"p99_9_latency":3.14981016783e3,"mean_latency":1.7460092085e3,"throughput_qps":5.727346655056316e-1,"operations_per_second":5.727346655056316e-1,"memory_used_mb":2.685546875e0,"cpu_utilization":6e1,"speedup_factor":1e2,"accuracy_score":9.5e-1,"dataset_size":10000,"iterations":2,"duration_seconds":3.492018417e0,"passed_targets":false}