{"name":"HNSW Query vs Linear Scan","category":"hnsw","p50_latency":4.3160205000000005e0,"p90_latency":1.19094411e1,"p99_latency":1.276337258e1,"p99_9_latency":1.3156711658000004e1,"mean_latency":6.398080390000002e0,"throughput_qps":1.5629687953952072e2,"operations_per_second":1.5629687953952072e2,"memory_used_mb":2.593994140625e0,"cpu_utilization":7.5e1,"speedup_factor":4.5163305145654775e-1,"accuracy_score":9.5e-1,"dataset_size":5000,"iterations":100,"duration_seconds":6.398080390000003e-1,"passed_targets":false}