{"name":"HNSW Build Performance","category":"hnsw","p50_latency":1.6279576825e5,"p90_latency":1.6279576825e5,"p99_latency":1.6279576825e5,"p99_9_latency":1.6279576825e5,"mean_latency":1.6279576825e5,"throughput_qps":6.142665812199329e-3,"operations_per_second":6.14266581219933e-3,"memory_used_mb":2.9449462890625e1,"cpu_utilization":9.5e1,"speedup_factor":3.071332906099665e-5,"accuracy_score":1e0,"dataset_size":5000,"iterations":1,"duration_seconds":1.6279576824999998e2,"passed_targets":false}