{"name":"HNSW Scaling Analysis","category":"hnsw","p50_latency":3.52575e0,"p90_latency":1.29625756e1,"p99_latency":1.465206967e1,"p99_9_latency":1.5140412766000015e1,"mean_latency":5.201900006666668e0,"throughput_qps":1.9223745145397194e2,"operations_per_second":1.9223745145397194e2,"memory_used_mb":5e2,"cpu_utilization":7e1,"speedup_factor":9.197054223827202e-2,"accuracy_score":9.5e-1,"dataset_size":10000,"iterations":150,"duration_seconds":7.802850010000002e-1,"passed_targets":false}