{"name":"HNSW Memory Efficiency","category":"hnsw","p50_latency":3.3688068709e4,"p90_latency":3.3688068709e4,"p99_latency":3.3688068709e4,"p99_9_latency":3.3688068709e4,"mean_latency":3.3688068709e4,"throughput_qps":2.9684099989170442e-2,"operations_per_second":2.9684099989170442e-2,"memory_used_mb":5.9356689453125e0,"cpu_utilization":6e1,"speedup_factor":1e2,"accuracy_score":9.5e-1,"dataset_size":5000,"iterations":1,"duration_seconds":3.3688068709e1,"passed_targets":false}