{"name":"HNSW Build Performance","category":"hnsw","p50_latency":5.453258208e3,"p90_latency":5.453258208e3,"p99_latency":5.453258208e3,"p99_9_latency":5.453258208e3,"mean_latency":5.453258208e3,"throughput_qps":1.8337660933292818e-1,"operations_per_second":1.8337660933292818e-1,"memory_used_mb":5.859375e2,"cpu_utilization":9.5e1,"speedup_factor":9.168830466646408e-3,"accuracy_score":1e0,"dataset_size":50000,"iterations":1,"duration_seconds":5.453258208e0,"passed_targets":false}