{"name":"HNSW Scaling Analysis","category":"hnsw","p50_latency":3.8191045e0,"p90_latency":7.278200300000001e0,"p99_latency":7.85769384e0,"p99_9_latency":7.956669684000001e0,"mean_latency":4.0428628600000005e0,"throughput_qps":2.4734947353618617e2,"operations_per_second":2.4734947353618617e2,"memory_used_mb":5e2,"cpu_utilization":7e1,"speedup_factor":6.538278832500731e-2,"accuracy_score":9.5e-1,"dataset_size":5000,"iterations":100,"duration_seconds":4.0428628600000005e-1,"passed_targets":false}