{"name":"HNSW Query vs Linear Scan","category":"hnsw","p50_latency":6.4839995e0,"p90_latency":7.3941959e0,"p99_latency":7.61425458e0,"p99_9_latency":8.581063542000056e0,"mean_latency":5.525545074000007e0,"throughput_qps":1.8097762059808667e2,"operations_per_second":1.8097762059808667e2,"memory_used_mb":5.035400390625e0,"cpu_utilization":7.5e1,"speedup_factor":1.0362487471041473e0,"accuracy_score":9.5e-1,"dataset_size":10000,"iterations":500,"duration_seconds":2.7627725370000036e0,"passed_targets":false}