{"name":"HNSW Query vs Linear Scan","category":"hnsw","p50_latency":5.9123745e0,"p90_latency":6.998770300000001e0,"p99_latency":8.627154170000003e0,"p99_9_latency":9.108665717000006e0,"mean_latency":4.914500000000002e0,"throughput_qps":2.0347949944043128e2,"operations_per_second":2.0347949944043128e2,"memory_used_mb":2.593994140625e0,"cpu_utilization":7.5e1,"speedup_factor":5.853135313867124e-1,"accuracy_score":9.5e-1,"dataset_size":5000,"iterations":100,"duration_seconds":4.914500000000002e-1,"passed_targets":false}