{"name":"HNSW Build Performance","category":"hnsw","p50_latency":1.857655e2,"p90_latency":1.857655e2,"p99_latency":1.857655e2,"p99_9_latency":1.857655e2,"mean_latency":1.857655e2,"throughput_qps":5.383130882752718e0,"operations_per_second":5.383130882752718e0,"memory_used_mb":2.44140625e-1,"cpu_utilization":9.5e1,"speedup_factor":5.383130882752718e-3,"accuracy_score":1e0,"dataset_size":1000,"iterations":1,"duration_seconds":1.857655e-1,"passed_targets":false}