{"name":"HNSW Scaling Analysis","category":"hnsw","p50_latency":2.1137899999999998e-1,"p90_latency":2.4337419999999998e-1,"p99_latency":2.5797955000000006e-1,"p99_9_latency":2.666712550000001e-1,"mean_latency":2.1669756999999992e-1,"throughput_qps":4.6147264134064835e3,"operations_per_second":4.6147264134064835e3,"memory_used_mb":5e2,"cpu_utilization":7e1,"speedup_factor":1.3922989974108386e0,"accuracy_score":9.5e-1,"dataset_size":5000,"iterations":100,"duration_seconds":2.1669756999999994e-2,"passed_targets":false}