{"name":"HNSW Memory Efficiency","category":"hnsw","p50_latency":1.7400403335e3,"p90_latency":2.8890538003e3,"p99_latency":3.14758183033e3,"p99_9_latency":3.14758183033e3,"mean_latency":1.7400403335e3,"throughput_qps":5.746993220487897e-1,"operations_per_second":5.746993220487897e-1,"memory_used_mb":2.685546875e0,"cpu_utilization":6e1,"speedup_factor":1e2,"accuracy_score":9.5e-1,"dataset_size":10000,"iterations":2,"duration_seconds":3.480080667e0,"passed_targets":false}