{"name":"HNSW Query vs Linear Scan","category":"hnsw","p50_latency":4.7672950000000003e-1,"p90_latency":4.9401670000000003e-1,"p99_latency":5.229395e-1,"p99_9_latency":5.740103740000011e-1,"mean_latency":4.7957531999999975e-1,"throughput_qps":2.085178194741132e3,"operations_per_second":2.085178194741132e3,"memory_used_mb":4.8828125e0,"cpu_utilization":7.5e1,"speedup_factor":1.1411804886039592e1,"accuracy_score":9.5e-1,"dataset_size":10000,"iterations":500,"duration_seconds":2.3978765999999987e-1,"passed_targets":false}