{"name":"HNSW Query vs Linear Scan","category":"hnsw","p50_latency":2.108465e-1,"p90_latency":2.453995e-1,"p99_latency":2.7467820000000015e-1,"p99_9_latency":2.9643642000000026e-1,"mean_latency":2.1873887999999997e-1,"throughput_qps":4.571660968548436e3,"operations_per_second":4.571660968548436e3,"memory_used_mb":5.859375e1,"cpu_utilization":7.5e1,"speedup_factor":3.6179861220830986e2,"accuracy_score":9.5e-1,"dataset_size":5000,"iterations":100,"duration_seconds":2.1873887999999998e-2,"passed_targets":true}