{"name":"HNSW Memory Efficiency","category":"hnsw","p50_latency":1.10611547e2,"p90_latency":1.10611547e2,"p99_latency":1.10611547e2,"p99_9_latency":1.10611547e2,"mean_latency":1.10611547e2,"throughput_qps":9.040647447051798e0,"operations_per_second":9.040647447051798e0,"memory_used_mb":1.171875e1,"cpu_utilization":6e1,"speedup_factor":1e2,"accuracy_score":9.5e-1,"dataset_size":5000,"iterations":1,"duration_seconds":1.10611547e-1,"passed_targets":false}