{"name":"HNSW Query vs Linear Scan","category":"hnsw","p50_latency":4.84291e-1,"p90_latency":5.048881e-1,"p99_latency":5.2933967e-1,"p99_9_latency":6.044663330000017e-1,"mean_latency":4.8392908999999995e-1,"throughput_qps":2.066418449860082e3,"operations_per_second":2.066418449860082e3,"memory_used_mb":4.8828125e0,"cpu_utilization":7.5e1,"speedup_factor":1.1368114469002057e1,"accuracy_score":9.5e-1,"dataset_size":10000,"iterations":500,"duration_seconds":2.4196454499999998e-1,"passed_targets":false}