{"name":"HNSW Memory Efficiency","category":"hnsw","p50_latency":4.022822417e3,"p90_latency":4.022822417e3,"p99_latency":4.022822417e3,"p99_9_latency":4.022822417e3,"mean_latency":4.022822417e3,"throughput_qps":2.485816912459549e-1,"operations_per_second":2.4858169124595492e-1,"memory_used_mb":5.645751953125e-1,"cpu_utilization":6e1,"speedup_factor":1e2,"accuracy_score":9.5e-1,"dataset_size":5000,"iterations":1,"duration_seconds":4.0228224169999995e0,"passed_targets":false}