{"name":"Hybrid Query Performance","category":"database","p50_latency":1.3506045e0,"p90_latency":1.3674785e0,"p99_latency":1.3844330900000001e0,"p99_9_latency":1.385955809e0,"mean_latency":1.3524686899999998e0,"throughput_qps":7.393886508381944e2,"operations_per_second":7.393886508381944e2,"memory_used_mb":5.977625274658203e1,"cpu_utilization":7e1,"speedup_factor":2.5e1,"accuracy_score":9.2e-1,"dataset_size":10000,"iterations":100,"duration_seconds":1.3524686899999996e-1,"passed_targets":true}