{"name":"Hybrid Query Performance","category":"database","p50_latency":5.3132396e1,"p90_latency":5.34521958e1,"p99_latency":5.407320583e1,"p99_9_latency":5.4615007783e1,"mean_latency":5.3171426229999994e1,"throughput_qps":1.8807093788952898e1,"operations_per_second":1.8807093788952898e1,"memory_used_mb":5.977625274658203e1,"cpu_utilization":7e1,"speedup_factor":2.5e1,"accuracy_score":9.2e-1,"dataset_size":10000,"iterations":100,"duration_seconds":5.317142623e0,"passed_targets":false}