{"name":"Hybrid Query Performance","category":"database","p50_latency":2.65846875e1,"p90_latency":2.6883903800000002e1,"p99_latency":2.9221078660000003e1,"p99_9_latency":2.9458232566000003e1,"mean_latency":2.6705501659999992e1,"throughput_qps":3.7445467706671806e1,"operations_per_second":3.7445467706671806e1,"memory_used_mb":2.9888153076171875e1,"cpu_utilization":7e1,"speedup_factor":2.5e1,"accuracy_score":9.2e-1,"dataset_size":5000,"iterations":100,"duration_seconds":2.670550165999999e0,"passed_targets":false}