{"name":"Hybrid Query Performance","category":"database","p50_latency":5.3209083e1,"p90_latency":6.02230122e1,"p99_latency":1.0818436476000002e2,"p99_9_latency":1.1110896177600003e2,"mean_latency":5.616473792999998e1,"throughput_qps":1.7804765709871806e1,"operations_per_second":1.7804765709871806e1,"memory_used_mb":5.977625274658203e1,"cpu_utilization":7e1,"speedup_factor":2.5e1,"accuracy_score":9.2e-1,"dataset_size":10000,"iterations":100,"duration_seconds":5.616473792999998e0,"passed_targets":false}