{"name":"Hybrid Query Performance","category":"database","p50_latency":1.6317558250000002e2,"p90_latency":1.655278238e2,"p99_latency":1.7853665746000001e2,"p99_9_latency":1.81362237646e2,"mean_latency":1.6412213556999993e2,"throughput_qps":6.093023323922621e0,"operations_per_second":6.093023323922621e0,"memory_used_mb":5.977630615234375e1,"cpu_utilization":7e1,"speedup_factor":2.5e1,"accuracy_score":9.2e-1,"dataset_size":10000,"iterations":100,"duration_seconds":1.641221355699999e1,"passed_targets":false}