{"name":"Hybrid Query Performance","category":"database","p50_latency":2.98400205e1,"p90_latency":3.1208533000000003e1,"p99_latency":3.336071075e1,"p99_9_latency":3.3565083875e1,"mean_latency":3.025176670999999e1,"throughput_qps":3.305592065369991e1,"operations_per_second":3.305592065369991e1,"memory_used_mb":2.9888099670410156e1,"cpu_utilization":7e1,"speedup_factor":2.5e1,"accuracy_score":9.2e-1,"dataset_size":5000,"iterations":100,"duration_seconds":3.025176670999999e0,"passed_targets":false}