{"name":"Hybrid Query Performance","category":"database","p50_latency":8.7465013e1,"p90_latency":8.86234252e1,"p99_latency":9.158189407e1,"p99_9_latency":9.214590330700001e1,"mean_latency":8.759816099999995e1,"throughput_qps":1.1415764767025196e1,"operations_per_second":1.1415764767025196e1,"memory_used_mb":2.9888153076171875e1,"cpu_utilization":7e1,"speedup_factor":2.5e1,"accuracy_score":9.2e-1,"dataset_size":5000,"iterations":100,"duration_seconds":8.759816099999995e0,"passed_targets":false}