{"name":"Hybrid Query Performance","category":"database","p50_latency":4.1373436999999996e1,"p90_latency":4.32621791e1,"p99_latency":5.940579176000004e1,"p99_9_latency":6.71092672760001e1,"mean_latency":4.140702588e1,"throughput_qps":2.4150490858678403e1,"operations_per_second":2.4150490858678403e1,"memory_used_mb":2.9888153076171875e1,"cpu_utilization":7e1,"speedup_factor":2.5e1,"accuracy_score":9.2e-1,"dataset_size":5000,"iterations":100,"duration_seconds":4.140702588e0,"passed_targets":false}