{"name":"Hybrid Query Performance","category":"database","p50_latency":8.7649637e1,"p90_latency":8.8582577e1,"p99_latency":9.002228835000001e1,"p99_9_latency":9.087188803500001e1,"mean_latency":8.769463202000001e1,"throughput_qps":1.140320652433932e1,"operations_per_second":1.140320652433932e1,"memory_used_mb":2.9888099670410156e1,"cpu_utilization":7e1,"speedup_factor":2.5e1,"accuracy_score":9.2e-1,"dataset_size":5000,"iterations":100,"duration_seconds":8.769463202e0,"passed_targets":false}