{"name":"MCP Tool Performance","category":"mcp","p50_latency":1.78745e-2,"p90_latency":2.4012500000000003e-2,"p99_latency":2.9304920000000005e-2,"p99_9_latency":3.0456092000000014e-2,"mean_latency":1.8126359999999998e-2,"throughput_qps":5.516827427017891e4,"operations_per_second":5.516827427017891e4,"memory_used_mb":5e1,"cpu_utilization":6.5e1,"speedup_factor":1e1,"accuracy_score":9.8e-1,"dataset_size":100,"iterations":100,"duration_seconds":1.8126359999999996e-3,"passed_targets":true}