{"name":"MCP Server Scaling","category":"mcp","p50_latency":1.4333e-2,"p90_latency":4.9399399999999996e-2,"p99_latency":9.327206e-2,"p99_9_latency":1.2908519600000073e-1,"mean_latency":2.2086017647058837e-2,"throughput_qps":1.66188934641934e4,"operations_per_second":1.66188934641934e4,"memory_used_mb":1e2,"cpu_utilization":7.5e1,"speedup_factor":1.66188934641934e2,"accuracy_score":9.8e-1,"dataset_size":5000,"iterations":170,"duration_seconds":3.754623000000002e-3,"passed_targets":true}