{"name":"MCP Server Scaling","category":"mcp","p50_latency":1.63545e-2,"p90_latency":2.03331e-2,"p99_latency":2.4433980000000004e-2,"p99_9_latency":3.0913527000000128e-2,"mean_latency":1.6461258823529414e-2,"throughput_qps":2.680999499710775e4,"operations_per_second":2.680999499710775e4,"memory_used_mb":1e2,"cpu_utilization":7.5e1,"speedup_factor":2.6809994997107754e2,"accuracy_score":9.8e-1,"dataset_size":5000,"iterations":170,"duration_seconds":2.798414000000001e-3,"passed_targets":true}