{"name":"MCP Tool Performance","category":"mcp","p50_latency":2.515775e-1,"p90_latency":3.302894e-1,"p99_latency":3.636245300000003e-1,"p99_9_latency":4.076871530000005e-1,"mean_latency":2.6039867000000005e-1,"throughput_qps":3.840265389988358e3,"operations_per_second":3.840265389988358e3,"memory_used_mb":5e1,"cpu_utilization":6.5e1,"speedup_factor":1e1,"accuracy_score":9.8e-1,"dataset_size":100,"iterations":100,"duration_seconds":2.6039867000000005e-2,"passed_targets":true}