{"name":"MCP Tool Performance","category":"mcp","p50_latency":2.4585649999999998e-1,"p90_latency":3.2797930000000003e-1,"p99_latency":3.7955358000000616e-1,"p99_9_latency":1.4528147580000126e0,"mean_latency":2.572409399999999e-1,"throughput_qps":3.887406102621147e3,"operations_per_second":3.887406102621147e3,"memory_used_mb":5e1,"cpu_utilization":6.5e1,"speedup_factor":1e1,"accuracy_score":9.8e-1,"dataset_size":100,"iterations":100,"duration_seconds":2.572409399999999e-2,"passed_targets":true}