{"name":"MCP Tool Performance","category":"mcp","p50_latency":1.28955e-2,"p90_latency":1.4858100000000003e-2,"p99_latency":2.2156670000000014e-2,"p99_9_latency":2.4978467000000032e-2,"mean_latency":1.2184190000000006e-2,"throughput_qps":8.207357239176339e4,"operations_per_second":8.207357239176339e4,"memory_used_mb":5e1,"cpu_utilization":6.5e1,"speedup_factor":1e1,"accuracy_score":9.8e-1,"dataset_size":100,"iterations":100,"duration_seconds":1.2184190000000005e-3,"passed_targets":true}