{"name":"MCP Server Scaling","category":"mcp","p50_latency":2.53624e-1,"p90_latency":2.640514e-1,"p99_latency":2.7774405e-1,"p99_9_latency":7.485895560000098e-1,"mean_latency":2.542749529411766e-1,"throughput_qps":1.3739240772464625e3,"operations_per_second":1.3739240772464625e3,"memory_used_mb":1e2,"cpu_utilization":7.5e1,"speedup_factor":1.3739240772464624e1,"accuracy_score":9.8e-1,"dataset_size":5000,"iterations":170,"duration_seconds":4.322674200000001e-2,"passed_targets":true}