{"name":"MCP Tool Performance","category":"mcp","p50_latency":2.5214349999999996e-1,"p90_latency":3.3505009999999996e-1,"p99_latency":3.6015369000000264e-1,"p99_9_latency":8.137341690000054e-1,"mean_latency":2.5883744e-1,"throughput_qps":3.8634287219036014e3,"operations_per_second":3.8634287219036014e3,"memory_used_mb":5e1,"cpu_utilization":6.5e1,"speedup_factor":1e1,"accuracy_score":9.8e-1,"dataset_size":100,"iterations":100,"duration_seconds":2.5883743999999997e-2,"passed_targets":true}