{"name":"MCP Tool Performance","category":"mcp","p50_latency":1.1917e-2,"p90_latency":1.82961e-2,"p99_latency":2.2668929999999993e-2,"p99_9_latency":2.4193341000000024e-2,"mean_latency":1.2683300000000003e-2,"throughput_qps":7.88438340179606e4,"operations_per_second":7.88438340179606e4,"memory_used_mb":5e1,"cpu_utilization":6.5e1,"speedup_factor":1e1,"accuracy_score":9.8e-1,"dataset_size":200,"iterations":200,"duration_seconds":2.536660000000001e-3,"passed_targets":true}