{"name":"MCP Tool Performance","category":"mcp","p50_latency":2.55774e-1,"p90_latency":3.400076e-1,"p99_latency":3.4954237e-1,"p99_9_latency":3.5795073700000013e-1,"mean_latency":2.5543638999999996e-1,"throughput_qps":3.9148689816670217e3,"operations_per_second":3.9148689816670217e3,"memory_used_mb":5e1,"cpu_utilization":6.5e1,"speedup_factor":1e1,"accuracy_score":9.8e-1,"dataset_size":100,"iterations":100,"duration_seconds":2.5543638999999996e-2,"passed_targets":true}