{"name":"MCP Tool Performance","category":"mcp","p50_latency":2.59698e-1,"p90_latency":3.415274e-1,"p99_latency":3.7353410000000037e-1,"p99_9_latency":4.400116100000008e-1,"mean_latency":2.6166095e-1,"throughput_qps":3.821739545010442e3,"operations_per_second":3.821739545010442e3,"memory_used_mb":5e1,"cpu_utilization":6.5e1,"speedup_factor":1e1,"accuracy_score":9.8e-1,"dataset_size":100,"iterations":100,"duration_seconds":2.6166094999999997e-2,"passed_targets":true}