{"name":"MCP Server Scaling","category":"mcp","p50_latency":2.42664e-1,"p90_latency":2.622892e-1,"p99_latency":2.870964600000001e-1,"p99_9_latency":3.5482025100000075e-1,"mean_latency":2.4588528823529393e-1,"throughput_qps":1.4168913083263055e3,"operations_per_second":1.4168913083263055e3,"memory_used_mb":1e2,"cpu_utilization":7.5e1,"speedup_factor":1.4168913083263055e1,"accuracy_score":9.8e-1,"dataset_size":5000,"iterations":170,"duration_seconds":4.180049899999996e-2,"passed_targets":true}