{"name":"MCP Tool Performance","category":"mcp","p50_latency":2.550215e-1,"p90_latency":1.8523218e0,"p99_latency":3.9258218499999957e0,"p99_9_latency":4.468675804000001e0,"mean_latency":6.5969632e-1,"throughput_qps":1.5158489894259226e3,"operations_per_second":1.5158489894259226e3,"memory_used_mb":5e1,"cpu_utilization":6.5e1,"speedup_factor":1e1,"accuracy_score":9.8e-1,"dataset_size":200,"iterations":200,"duration_seconds":1.31939264e-1,"passed_targets":true}