{"name":"MCP Server Scaling","category":"mcp","p50_latency":2.56119e-1,"p90_latency":1.7328581999999995e0,"p99_latency":4.044611570000001e0,"p99_9_latency":4.978458452000014e0,"mean_latency":6.29587188235294e-1,"throughput_qps":8.514437287231083e2,"operations_per_second":8.514437287231083e2,"memory_used_mb":1e2,"cpu_utilization":7.5e1,"speedup_factor":8.514437287231083e0,"accuracy_score":9.8e-1,"dataset_size":1000,"iterations":170,"duration_seconds":1.0702982199999998e-1,"passed_targets":true}