{"name":"MCP Tool Performance","category":"mcp","p50_latency":1.7396000000000002e-2,"p90_latency":2.56417e-2,"p99_latency":2.802292000000001e-2,"p99_9_latency":3.0065092000000022e-2,"mean_latency":1.7547499999999997e-2,"throughput_qps":5.698817495369712e4,"operations_per_second":5.698817495369712e4,"memory_used_mb":5e1,"cpu_utilization":6.5e1,"speedup_factor":1e1,"accuracy_score":9.8e-1,"dataset_size":100,"iterations":100,"duration_seconds":1.7547499999999998e-3,"passed_targets":true}