{"name":"MCP Server Scaling","category":"mcp","p50_latency":2.54362e-1,"p90_latency":2.6309509999999997e-1,"p99_latency":2.9551522e-1,"p99_9_latency":1.0262867410000152e0,"mean_latency":2.586310529411766e-1,"throughput_qps":1.3365593050451002e3,"operations_per_second":1.3365593050451002e3,"memory_used_mb":1e2,"cpu_utilization":7.5e1,"speedup_factor":1.3365593050451002e1,"accuracy_score":9.8e-1,"dataset_size":5000,"iterations":170,"duration_seconds":4.3967279000000026e-2,"passed_targets":true}