{"name":"MCP Server Scaling","category":"mcp","p50_latency":1.8917e-2,"p90_latency":2.36334e-2,"p99_latency":4.190398000000003e-2,"p99_9_latency":8.470977700000071e-2,"mean_latency":1.9575994117647055e-2,"throughput_qps":2.1951382207906518e4,"operations_per_second":2.1951382207906518e4,"memory_used_mb":1e2,"cpu_utilization":7.5e1,"speedup_factor":2.1951382207906516e2,"accuracy_score":9.8e-1,"dataset_size":5000,"iterations":170,"duration_seconds":3.327918999999999e-3,"passed_targets":true}