{"name":"MCP Server Scaling","category":"mcp","p50_latency":2.5518799999999997e-1,"p90_latency":2.6380200000000004e-1,"p99_latency":3.273101000000001e-1,"p99_9_latency":7.55717045000008e-1,"mean_latency":2.56653005882353e-1,"throughput_qps":1.3424193172833689e3,"operations_per_second":1.3424193172833689e3,"memory_used_mb":1e2,"cpu_utilization":7.5e1,"speedup_factor":1.342419317283369e1,"accuracy_score":9.8e-1,"dataset_size":5000,"iterations":170,"duration_seconds":4.363101100000002e-2,"passed_targets":true}