{"name":"MCP Server Scaling","category":"mcp","p50_latency":2.450095e-1,"p90_latency":2.602792e-1,"p99_latency":3.008634400000001e-1,"p99_9_latency":4.463355940000024e-1,"mean_latency":2.4966207647058816e-1,"throughput_qps":1.357476284220428e3,"operations_per_second":1.357476284220428e3,"memory_used_mb":1e2,"cpu_utilization":7.5e1,"speedup_factor":1.357476284220428e1,"accuracy_score":9.8e-1,"dataset_size":5000,"iterations":170,"duration_seconds":4.244255299999999e-2,"passed_targets":true}