{"name":"MCP Server Scaling","category":"mcp","p50_latency":9.375e-3,"p90_latency":1.443779999999999e-2,"p99_latency":2.3522730000000013e-2,"p99_9_latency":6.0615000000000696e-2,"mean_latency":1.0563235294117648e-2,"throughput_qps":3.308717841968588e4,"operations_per_second":3.308717841968588e4,"memory_used_mb":1e2,"cpu_utilization":7.5e1,"speedup_factor":3.308717841968588e2,"accuracy_score":9.8e-1,"dataset_size":1000,"iterations":170,"duration_seconds":1.7957500000000003e-3,"passed_targets":true}