{"name":"primitive_store","category":"mcp","p50_latency":1.798745e-1,"p90_latency":2.0342529999999998e-1,"p99_latency":2.8081509000000043e-1,"p99_9_latency":3.4604430900000077e-1,"mean_latency":1.8116291999999998e-1,"throughput_qps":5.09367056420755e3,"operations_per_second":5.09367056420755e3,"memory_used_mb":0e0,"cpu_utilization":0e0,"speedup_factor":1e0,"accuracy_score":1e0,"dataset_size":5000,"iterations":100,"duration_seconds":1.9632208e-2,"passed_targets":true}