{"name":"primitive_transform","category":"mcp","p50_latency":1.28938e-1,"p90_latency":1.602375e-1,"p99_latency":1.9231167000000055e-1,"p99_9_latency":2.869064670000011e-1,"mean_latency":1.3246842000000003e-1,"throughput_qps":6.443108830937849e3,"operations_per_second":6.443108830937849e3,"memory_used_mb":0e0,"cpu_utilization":0e0,"speedup_factor":1e0,"accuracy_score":9e-1,"dataset_size":5000,"iterations":100,"duration_seconds":1.5520458e-2,"passed_targets":true}