{"name":"primitive_retrieve","category":"mcp","p50_latency":2.3325265e0,"p90_latency":3.1973688000000005e0,"p99_latency":5.2645297100000015e0,"p99_9_latency":5.543475971000003e0,"mean_latency":2.71143079e0,"throughput_qps":3.44123320032967e2,"operations_per_second":3.44123320032967e2,"memory_used_mb":0e0,"cpu_utilization":0e0,"speedup_factor":1e0,"accuracy_score":1e0,"dataset_size":5000,"iterations":100,"duration_seconds":2.905935e-1,"passed_targets":true}