{"name":"primitive_store","category":"mcp","p50_latency":4.6345195e0,"p90_latency":5.0422335e0,"p99_latency":5.315385070000001e0,"p99_9_latency":5.586077107000003e0,"mean_latency":4.598658259999999e0,"throughput_qps":2.0182716921505323e2,"operations_per_second":2.0182716921505323e2,"memory_used_mb":0e0,"cpu_utilization":0e0,"speedup_factor":1e0,"accuracy_score":1e0,"dataset_size":5000,"iterations":100,"duration_seconds":4.95473431e-1,"passed_targets":true}