{"name":"primitive_transform","category":"mcp","p50_latency":9.29585e-2,"p90_latency":1.1757440000000002e-1,"p99_latency":1.4223667000000006e-1,"p99_9_latency":1.5218646700000013e-1,"mean_latency":9.460745999999996e-2,"throughput_qps":8.169322608755537e3,"operations_per_second":8.169322608755537e3,"memory_used_mb":0e0,"cpu_utilization":0e0,"speedup_factor":1e0,"accuracy_score":9e-1,"dataset_size":5000,"iterations":100,"duration_seconds":1.2240917e-2,"passed_targets":true}