{"name":"primitive_concurrent","category":"mcp","p50_latency":1.923125e-1,"p90_latency":2.094035e-1,"p99_latency":3.317854699999997e-1,"p99_9_latency":3.809916470000009e-1,"mean_latency":1.7753810000000003e-1,"throughput_qps":5.617911775377161e3,"operations_per_second":5.617911775377161e3,"memory_used_mb":0e0,"cpu_utilization":0e0,"speedup_factor":1e0,"accuracy_score":1e0,"dataset_size":5000,"iterations":60,"duration_seconds":1.0680125e-2,"passed_targets":true}