{"name":"primitive_retrieve","category":"mcp","p50_latency":2.65625e-1,"p90_latency":4.255747000000003e-1,"p99_latency":5.166690800000017e-1,"p99_9_latency":7.952919080000033e-1,"mean_latency":2.995587600000001e-1,"throughput_qps":3.2455458615428065e3,"operations_per_second":3.2455458615428065e3,"memory_used_mb":0e0,"cpu_utilization":0e0,"speedup_factor":1e0,"accuracy_score":1e0,"dataset_size":5000,"iterations":100,"duration_seconds":3.0811458e-2,"passed_targets":true}