{"name":"primitive_store","category":"mcp","p50_latency":5.153131e0,"p90_latency":5.4348342e0,"p99_latency":5.884886610000003e0,"p99_9_latency":6.438519261000007e0,"mean_latency":5.097153460000002e0,"throughput_qps":1.8221629991712587e2,"operations_per_second":1.8221629991712587e2,"memory_used_mb":0e0,"cpu_utilization":0e0,"speedup_factor":1e0,"accuracy_score":1e0,"dataset_size":5000,"iterations":100,"duration_seconds":5.48798324e-1,"passed_targets":true}