{"name":"primitive_store","category":"mcp","p50_latency":2.175415e-1,"p90_latency":3.205086000000001e-1,"p99_latency":4.4790042000000135e-1,"p99_9_latency":6.729153420000027e-1,"mean_latency":2.3342835e-1,"throughput_qps":3.891006374557923e3,"operations_per_second":3.891006374557923e3,"memory_used_mb":0e0,"cpu_utilization":0e0,"speedup_factor":1e0,"accuracy_score":1e0,"dataset_size":5000,"iterations":100,"duration_seconds":2.5700292e-2,"passed_targets":true}