{"name":"primitive_transform","category":"mcp","p50_latency":1.878994e0,"p90_latency":2.1711128e0,"p99_latency":2.5057899700000004e0,"p99_9_latency":2.542852897000001e0,"mean_latency":1.9214295100000003e0,"throughput_qps":3.99147553343047e2,"operations_per_second":3.99147553343047e2,"memory_used_mb":0e0,"cpu_utilization":0e0,"speedup_factor":1e0,"accuracy_score":9e-1,"dataset_size":5000,"iterations":100,"duration_seconds":2.50533917e-1,"passed_targets":true}