{"name":"primitive_retrieve","category":"mcp","p50_latency":1.883125e-1,"p90_latency":2.2379110000000002e-1,"p99_latency":3.1482092e-1,"p99_9_latency":3.248820920000001e-1,"mean_latency":1.9706247999999998e-1,"throughput_qps":4.8610153086010705e3,"operations_per_second":4.8610153086010705e3,"memory_used_mb":0e0,"cpu_utilization":0e0,"speedup_factor":1e0,"accuracy_score":1e0,"dataset_size":5000,"iterations":100,"duration_seconds":2.0571834e-2,"passed_targets":true}