{"name":"primitive_retrieve","category":"mcp","p50_latency":2.00271e-1,"p90_latency":2.4922470000000002e-1,"p99_latency":3.4055575e-1,"p99_9_latency":3.4178087500000004e-1,"mean_latency":2.1587543999999995e-1,"throughput_qps":4.435958554306912e3,"operations_per_second":4.435958554306912e3,"memory_used_mb":0e0,"cpu_utilization":0e0,"speedup_factor":1e0,"accuracy_score":1e0,"dataset_size":5000,"iterations":100,"duration_seconds":2.2543042e-2,"passed_targets":true}