{"name":"primitive_link","category":"mcp","p50_latency":1.44396e-1,"p90_latency":1.5503340000000002e-1,"p99_latency":2.433205900000002e-1,"p99_9_latency":2.793695590000004e-1,"mean_latency":1.4875246999999997e-1,"throughput_qps":5.855186597477878e3,"operations_per_second":5.855186597477878e3,"memory_used_mb":0e0,"cpu_utilization":0e0,"speedup_factor":1e0,"accuracy_score":1e0,"dataset_size":5000,"iterations":100,"duration_seconds":1.7078875e-2,"passed_targets":true}