{"name":"primitive_link","category":"mcp","p50_latency":1.400625e-1,"p90_latency":1.489547e-1,"p99_latency":1.7477333000000025e-1,"p99_9_latency":2.2140203300000055e-1,"mean_latency":1.4273874000000006e-1,"throughput_qps":5.183674969479817e3,"operations_per_second":5.183674969479817e3,"memory_used_mb":0e0,"cpu_utilization":0e0,"speedup_factor":1e0,"accuracy_score":1e0,"dataset_size":5000,"iterations":100,"duration_seconds":1.9291333e-2,"passed_targets":true}