{"name":"primitive_store","category":"mcp","p50_latency":1.876665e-1,"p90_latency":2.054212e-1,"p99_latency":2.419408400000001e-1,"p99_9_latency":2.589446840000002e-1,"mean_latency":1.8444497e-1,"throughput_qps":4.920614011930619e3,"operations_per_second":4.920614011930619e3,"memory_used_mb":0e0,"cpu_utilization":0e0,"speedup_factor":1e0,"accuracy_score":1e0,"dataset_size":5000,"iterations":100,"duration_seconds":2.0322667e-2,"passed_targets":true}