{"name":"primitive_search","category":"mcp","p50_latency":1.004795e-1,"p90_latency":1.128461e-1,"p99_latency":1.2743649000000007e-1,"p99_9_latency":1.3656834900000012e-1,"mean_latency":1.0388455000000003e-1,"throughput_qps":7.900012387219423e3,"operations_per_second":7.900012387219423e3,"memory_used_mb":0e0,"cpu_utilization":0e0,"speedup_factor":1e0,"accuracy_score":8e-1,"dataset_size":5000,"iterations":100,"duration_seconds":1.2658208e-2,"passed_targets":true}