{"name":"primitive_search","category":"mcp","p50_latency":7.027050000000001e-2,"p90_latency":7.63328e-2,"p99_latency":1.1186767000000061e-1,"p99_9_latency":2.1893646700000124e-1,"mean_latency":7.421039000000001e-2,"throughput_qps":9.935214453591023e3,"operations_per_second":9.935214453591023e3,"memory_used_mb":0e0,"cpu_utilization":0e0,"speedup_factor":1e0,"accuracy_score":8e-1,"dataset_size":5000,"iterations":100,"duration_seconds":1.0065208e-2,"passed_targets":true}