{"name":"primitive_search","category":"mcp","p50_latency":6.7292e-2,"p90_latency":7.361250000000001e-2,"p99_latency":8.737541000000013e-2,"p99_9_latency":1.0968694100000026e-1,"mean_latency":6.908459000000003e-2,"throughput_qps":1.06234645773853e4,"operations_per_second":1.06234645773853e4,"memory_used_mb":0e0,"cpu_utilization":0e0,"speedup_factor":1e0,"accuracy_score":8e-1,"dataset_size":5000,"iterations":100,"duration_seconds":9.413125e-3,"passed_targets":true}