{"name":"primitive_search","category":"mcp","p50_latency":2.0927675e0,"p90_latency":3.91220517e1,"p99_latency":4.376606012e1,"p99_9_latency":4.3840469312e1,"mean_latency":1.2247860020000003e1,"throughput_qps":7.791802379670366e1,"operations_per_second":7.791802379670366e1,"memory_used_mb":0e0,"cpu_utilization":0e0,"speedup_factor":1e0,"accuracy_score":8e-1,"dataset_size":5000,"iterations":100,"duration_seconds":1.283400106e0,"passed_targets":true}