{"name":"primitive_concurrent","category":"mcp","p50_latency":1.588335e-1,"p90_latency":2.052994e-1,"p99_latency":2.579398799999997e-1,"p99_9_latency":3.1139458800000097e-1,"mean_latency":1.4943055000000002e-1,"throughput_qps":6.669785161773415e3,"operations_per_second":6.669785161773415e3,"memory_used_mb":0e0,"cpu_utilization":0e0,"speedup_factor":1e0,"accuracy_score":1e0,"dataset_size":5000,"iterations":60,"duration_seconds":8.995792e-3,"passed_targets":true}