{"name":"Storage Compression Efficiency","category":"database","p50_latency":5.708e-3,"p90_latency":7.209e-3,"p99_latency":2.2167e-2,"p99_9_latency":9.000041600000008e-2,"mean_latency":3.7902404488999997e0,"throughput_qps":1.4176559235094156e5,"operations_per_second":1.4176559235094156e5,"memory_used_mb":5.950927734375e1,"cpu_utilization":6e1,"speedup_factor":7.499988461556213e-1,"accuracy_score":1.4999976923112426e-1,"dataset_size":10000,"iterations":10000,"duration_seconds":3.790240448899999e1,"passed_targets":true}