{"name":"Storage Compression Efficiency","category":"database","p50_latency":1.09541e-1,"p90_latency":1.406685e-1,"p99_latency":1.7954466000000002e-1,"p99_9_latency":6.145966780000139e-1,"mean_latency":1.34695518758e1,"throughput_qps":8.372316821904422e3,"operations_per_second":8.372316821904422e3,"memory_used_mb":5.950927734375e1,"cpu_utilization":6e1,"speedup_factor":7.499988461556213e-1,"accuracy_score":1.4999976923112426e-1,"dataset_size":10000,"iterations":10000,"duration_seconds":1.3469551875800002e2,"passed_targets":true}