{"name":"Storage Compression Efficiency","category":"database","p50_latency":1.09799e-1,"p90_latency":1.3399130000000004e-1,"p99_latency":1.6951093e-1,"p99_9_latency":7.199984250000409e-1,"mean_latency":6.6513953493999995e0,"throughput_qps":8.553957811578992e3,"operations_per_second":8.553957811578992e3,"memory_used_mb":2.9754638671875e1,"cpu_utilization":6e1,"speedup_factor":7.499976923147929e-1,"accuracy_score":1.4999953846295858e-1,"dataset_size":5000,"iterations":5000,"duration_seconds":3.3256976747e1,"passed_targets":true}