{"name":"Storage Compression Efficiency","category":"database","p50_latency":5.166e-3,"p90_latency":5.708e-3,"p99_latency":8.167e-3,"p99_9_latency":3.0128542000000723e-2,"mean_latency":5.809145929499999e-1,"throughput_qps":1.79245651487055e5,"operations_per_second":1.79245651487055e5,"memory_used_mb":5.950927734375e1,"cpu_utilization":6e1,"speedup_factor":7.499988461556213e-1,"accuracy_score":1.4999976923112426e-1,"dataset_size":10000,"iterations":10000,"duration_seconds":5.8091459295e0,"passed_targets":true}