{"name":"Storage Compression Efficiency","category":"database","p50_latency":7.9585e-3,"p90_latency":1.0208000000000002e-2,"p99_latency":2.6210080000000045e-2,"p99_9_latency":2.050523330000021e-1,"mean_latency":4.8490347409999995e-1,"throughput_qps":1.0566972829206193e5,"operations_per_second":1.0566972829206193e5,"memory_used_mb":2.9754638671875e1,"cpu_utilization":6e1,"speedup_factor":7.499976923147929e-1,"accuracy_score":1.4999953846295858e-1,"dataset_size":5000,"iterations":5000,"duration_seconds":2.4245173705e0,"passed_targets":true}