{"name":"Storage Compression Efficiency","category":"database","p50_latency":1.11524e-1,"p90_latency":1.4349620000000002e-1,"p99_latency":1.8292561000000018e-1,"p99_9_latency":7.00364252000045e-1,"mean_latency":6.607853180899999e0,"throughput_qps":8.253047562846261e3,"operations_per_second":8.253047562846261e3,"memory_used_mb":2.9754638671875e1,"cpu_utilization":6e1,"speedup_factor":7.499976923147929e-1,"accuracy_score":1.4999953846295858e-1,"dataset_size":5000,"iterations":5000,"duration_seconds":3.30392659045e1,"passed_targets":true}