{"name":"Storage Compression Efficiency","category":"database","p50_latency":6.208e-3,"p90_latency":7.504100000000014e-3,"p99_latency":1.129242000000001e-2,"p99_9_latency":6.841320900000779e-2,"mean_latency":4.1759536100000005e-1,"throughput_qps":1.4538640945290655e5,"operations_per_second":1.4538640945290655e5,"memory_used_mb":2.9754638671875e1,"cpu_utilization":6e1,"speedup_factor":7.499976923147929e-1,"accuracy_score":1.4999953846295858e-1,"dataset_size":5000,"iterations":5000,"duration_seconds":2.0879768050000003e0,"passed_targets":true}