{"name":"Storage Compression Efficiency","category":"database","p50_latency":5.209e-3,"p90_latency":6.208100000000001e-3,"p99_latency":9.333e-3,"p99_9_latency":5.7737167000005946e-2,"mean_latency":3.2624913019999996e-1,"throughput_qps":1.720945162357753e5,"operations_per_second":1.720945162357753e5,"memory_used_mb":2.9754638671875e1,"cpu_utilization":6e1,"speedup_factor":7.499976923147929e-1,"accuracy_score":1.4999953846295858e-1,"dataset_size":5000,"iterations":5000,"duration_seconds":1.6312456509999997e0,"passed_targets":true}