{"name":"Storage Compression Efficiency","category":"database","p50_latency":5.292e-3,"p90_latency":5.792e-3,"p99_latency":7.87542000000001e-3,"p99_9_latency":3.0710499000000308e-2,"mean_latency":6.02990083e-1,"throughput_qps":1.75149262201252e5,"operations_per_second":1.75149262201252e5,"memory_used_mb":5.950927734375e1,"cpu_utilization":6e1,"speedup_factor":7.499988461556213e-1,"accuracy_score":1.4999976923112426e-1,"dataset_size":10000,"iterations":10000,"duration_seconds":6.029900830000001e0,"passed_targets":true}